tag,稳定段总推进力,稳定段刀盘扭矩,稳定段推进速度
0,15713.91974,2942.392641,60.83314267
1,16015.02828,3013.518114,67.05818797
2,15891.69147,3179.002699,73.1904141
3,16218.16112,3119.361978,69.30692463
4,16051.47614,3172.595804,69.89331471
5,18342.42524,3013.220918,66.58043495