tag,稳定段总推进力,稳定段刀盘扭矩,稳定段推进速度
70,14721.86019,2488.38385,50.82542309
71,17471.36414,2421.652915,35.67737497
72,15017.84986,3126.569765,47.86169376
73,15016.16211,3029.331418,53.03120942
74,16575.17965,3216.011397,51.24333596
75,16219.24134,2994.616129,48.98687364