tag,稳定段总推进力,稳定段刀盘扭矩,稳定段推进速度
20,15317.31313,2713.286789,72.90524136
21,14927.5612,2686.083159,74.40782724
22,12017.10789,2418.772826,75.53551545
23,12048.05648,2350.9225,75.24700521
24,13085.43425,2375.652937,74.93297669
25,13649.28119,2575.204739,77.66895088